"segmento_demo","nombre","sku","marca","precio","moneda","disponibilidad","stock","url_producto","imagen","url_origen"
"libros_infantil","AMANECER EN LA COSECHA (JUEGOS HAMBRE 5)","728193","Molino","46999","ARS","InStock","","https://www.yenny-elateneo.com/productos/amanecer-en-la-cosecha-juegos-hambre-5/","https://acdn-us.mitiendanube.com/stores/004/088/117/products/728193-69662bdbae29d4383417418495680010-480-0.webp","https://www.yenny-elateneo.com/libros/infantil-y-juvenil/"
"libros_infantil","ALAS DE ONIX (EMPIREO 3)","725970","Planeta","61900","ARS","InStock","","https://www.yenny-elateneo.com/productos/alas-de-onix-empireo-3/","https://acdn-us.mitiendanube.com/stores/004/088/117/products/725970-6eb099df03564dc21617398523746710-480-0.webp","https://www.yenny-elateneo.com/libros/infantil-y-juvenil/"
"libros_infantil","MAS QUE RIVALES (GAME CHANGERS 2)","741851","Montena","33299","ARS","InStock","","https://www.yenny-elateneo.com/productos/mas-que-rivales-1u7lx/","https://acdn-us.mitiendanube.com/stores/004/088/117/products/741851-c3ed5fcea93e3f19ff17708206417361-480-0.webp","https://www.yenny-elateneo.com/libros/infantil-y-juvenil/"
"libros_infantil","CUENTOS DE AMOR PROPIO","718511","Editorial El Ateneo","23900","ARS","InStock","","https://www.yenny-elateneo.com/productos/cuentos-de-amor-propio1/","https://acdn-us.mitiendanube.com/stores/004/088/117/products/718511-7d0b56e27325c0ec0517275703470296-480-0.webp","https://www.yenny-elateneo.com/libros/infantil-y-juvenil/"
"libros_infantil","HEARTSTOPPER 6","745726","Vrya","31000","ARS","InStock","","https://www.yenny-elateneo.com/productos/heartstopper-6-1d4lr/","https://acdn-us.mitiendanube.com/stores/004/088/117/products/745726-6079448e6bfeddd99117817977803389-480-0.webp","https://www.yenny-elateneo.com/libros/infantil-y-juvenil/"
"libros_infantil","CUENTOS DE AMOR PROPIO 2","728156","Editorial El Ateneo","23900","ARS","InStock","","https://www.yenny-elateneo.com/productos/cuentos-de-amor-propio-2/","https://acdn-us.mitiendanube.com/stores/004/088/117/products/728156-8a75641347c1a6eb8e17424574361151-480-0.webp","https://www.yenny-elateneo.com/libros/infantil-y-juvenil/"
"libros_infantil","ALAS DE SANGRE","708298","Planeta","61900","ARS","InStock","","https://www.yenny-elateneo.com/productos/alas-de-sangre/","https://acdn-us.mitiendanube.com/stores/004/088/117/products/708298-dd04697df54269623b17275607306191-480-0.webp","https://www.yenny-elateneo.com/libros/infantil-y-juvenil/"
"libros_infantil","ALAS DE HIERRO (EMPIREO 2)","714221","Planeta","61900","ARS","InStock","","https://www.yenny-elateneo.com/productos/alas-de-hierro-empireo-2/","https://acdn-us.mitiendanube.com/stores/004/088/117/products/714221-cfde7dd6cd385299a317272086557255-480-0.webp","https://www.yenny-elateneo.com/libros/infantil-y-juvenil/"
"libros_infantil","ARENA NO QUIERE DORMIR","746160","Destino Infantil Y Juvenil Arg","27900","ARS","InStock","","https://www.yenny-elateneo.com/productos/arena-no-quiere-dormir-68ox0/","https://acdn-us.mitiendanube.com/stores/004/088/117/products/bell0-8a81d5e3206cc1852017870592156534-480-0.webp","https://www.yenny-elateneo.com/libros/infantil-y-juvenil/"
"libros_infantil","BINDING 13 (CHICOS DE TOMMEN 1)","720577","Montena","55499","ARS","InStock","","https://www.yenny-elateneo.com/productos/binding-13-chicos-de-tommen-1/","https://acdn-us.mitiendanube.com/stores/004/088/117/products/720577-2bc5cbe57e1726ada117276992083002-480-0.webp","https://www.yenny-elateneo.com/libros/infantil-y-juvenil/"
"libros_infantil","KEEPING 13 (CHICOS DE TOMMEN 2)","724327","Montena","55499","ARS","InStock","","https://www.yenny-elateneo.com/productos/keeping-13-chicos-de-tommen-2/","https://acdn-us.mitiendanube.com/stores/004/088/117/products/724327-d84bb53bd63e7b114c17329607898285-480-0.webp","https://www.yenny-elateneo.com/libros/infantil-y-juvenil/"
"libros_infantil","LA CASITA DE JUEGOS DE LYNIEL","724335","Altea","49999","ARS","InStock","","https://www.yenny-elateneo.com/productos/la-casita-de-juegos-de-lyniel/","https://acdn-us.mitiendanube.com/stores/004/088/117/products/724335-28b5fb4498b360afa617329608369741-480-0.webp","https://www.yenny-elateneo.com/libros/infantil-y-juvenil/"
"libros_policial","MURDOKU: 80 ACERTIJOS DE LOGICA Y ASESINATOS","746207","Temas De Hoy","32900","ARS","InStock","","https://www.yenny-elateneo.com/productos/murdoku-80-acertijos-de-logica-y-asesinatos-1es8k/","https://acdn-us.mitiendanube.com/stores/004/088/117/products/746207-da6dcc7f9c8895719e17788688263805-480-0.webp","https://www.yenny-elateneo.com/libros/ficcion-y-literatura/novelas/policial2/"
"libros_policial","OJOS DE ASESINA","742629","Motus","36500","ARS","InStock","","https://www.yenny-elateneo.com/productos/ojos-de-asesina-1yyxa/","https://acdn-us.mitiendanube.com/stores/004/088/117/products/ojos_de_asesina-tapa-5e3064640156c6605217727105826054-480-0.webp","https://www.yenny-elateneo.com/libros/ficcion-y-literatura/novelas/policial2/"
"libros_policial","MURDOKU: VIAJE AL PASADO","748956","Temas De Hoy","32900","ARS","InStock","","https://www.yenny-elateneo.com/productos/murdoku-viaje-al-pasado-m64y2/","https://acdn-us.mitiendanube.com/stores/004/088/117/products/748956-99f1702a6ff800726317843096135353-480-0.webp","https://www.yenny-elateneo.com/libros/ficcion-y-literatura/novelas/policial2/"
"libros_policial","LA MUY CATASTROFICA VISITA AL ZOO","736867","Alfaguara","40999","ARS","InStock","","https://www.yenny-elateneo.com/productos/la-muy-catastrofica-visita-al-zoo/","https://acdn-us.mitiendanube.com/stores/004/088/117/products/736867-2a49942b48a1885db917607967120164-480-0.webp","https://www.yenny-elateneo.com/libros/ficcion-y-literatura/novelas/policial2/"
"libros_policial","MURDLE: RESUELVE EL CRIMEN","729894","Planeta","39900","ARS","InStock","","https://www.yenny-elateneo.com/productos/murdle-resuelve-el-crimen/","https://acdn-us.mitiendanube.com/stores/004/088/117/products/729894-19c1dac0fff342ec0917459521543778-480-0.webp","https://www.yenny-elateneo.com/libros/ficcion-y-literatura/novelas/policial2/"
"libros_policial","UN ANIMAL SALVAJE","718223","Alfaguara","48999","ARS","InStock","","https://www.yenny-elateneo.com/productos/un-animal-salvaje/","https://acdn-us.mitiendanube.com/stores/004/088/117/products/718223-052b64751573f082a117275686541143-480-0.webp","https://www.yenny-elateneo.com/libros/ficcion-y-literatura/novelas/policial2/"
"libros_policial","VERITY. LA SOMBRA DE UN ENGAÑO","696059","Planeta","50900","ARS","InStock","","https://www.yenny-elateneo.com/productos/verity-la-sombra-de-un-engano/","https://acdn-us.mitiendanube.com/stores/004/088/117/products/696059-78a1e3eb813568d9af17285651153858-480-0.webp","https://www.yenny-elateneo.com/libros/ficcion-y-literatura/novelas/policial2/"
"libros_policial","EN EL HOTEL BERTRAM","726262","Booket","27900","ARS","InStock","","https://www.yenny-elateneo.com/productos/en-el-hotel-bertram/","https://acdn-us.mitiendanube.com/stores/004/088/117/products/726262-b093dca7c0c1e8ff5617383556832989-480-0.webp","https://www.yenny-elateneo.com/libros/ficcion-y-literatura/novelas/policial2/"
"libros_policial","EL PROBLEMA FINAL","710042","Alfaguara","47499","ARS","InStock","","https://www.yenny-elateneo.com/productos/el-problema-final/","https://acdn-us.mitiendanube.com/stores/004/088/117/products/710042-56e6cb71f3c52098cc17276591976766-480-0.webp","https://www.yenny-elateneo.com/libros/ficcion-y-literatura/novelas/policial2/"
"libros_policial","LAS QUE NO DUERMEN NASH","724454","Destino","61900","ARS","InStock","","https://www.yenny-elateneo.com/productos/las-que-no-duermen-nash/","https://acdn-us.mitiendanube.com/stores/004/088/117/products/724454-caee917ed95c177dc117329608972080-480-0.webp","https://www.yenny-elateneo.com/libros/ficcion-y-literatura/novelas/policial2/"
"libros_policial","HUNDIDO EN EL PASADO","730635","Motus","34500","ARS","InStock","","https://www.yenny-elateneo.com/productos/hundido-en-el-pasado/","https://acdn-us.mitiendanube.com/stores/004/088/117/products/9786316512338-a53c7fc0fd615dd32217488752670141-480-0.webp","https://www.yenny-elateneo.com/libros/ficcion-y-literatura/novelas/policial2/"
"libros_policial","ATRAPADOS","728214","Rba","38000","ARS","InStock","","https://www.yenny-elateneo.com/productos/atrapados1/","https://acdn-us.mitiendanube.com/stores/004/088/117/products/728214-839dbc3f6e23bf6c1d17420236202387-480-0.webp","https://www.yenny-elateneo.com/libros/ficcion-y-literatura/novelas/policial2/"
"libros_economia","PENSAR RAPIDO PENSAR DESPACIO","726036","Debols!llo","42499","ARS","InStock","","https://www.yenny-elateneo.com/productos/pensar-rapido-pensar-despacio1/","https://acdn-us.mitiendanube.com/stores/004/088/117/products/726036-11e2ad5ab16167a4da17377191702639-480-0.webp","https://www.yenny-elateneo.com/libros/negocios-y-cs-economicas/economia/"
"libros_economia","PENSAR RAPIDO PENSAR DESPACIO","552128","Debate","60999","ARS","InStock","","https://www.yenny-elateneo.com/productos/pensar-rapido-pensar-despacio/","https://acdn-us.mitiendanube.com/stores/004/088/117/products/552128-69703ff82cc3979a2d17275389497024-480-0.webp","https://www.yenny-elateneo.com/libros/negocios-y-cs-economicas/economia/"
"libros_economia","TECNOFEUDALISMO","718329","Ariel","49900","ARS","InStock","","https://www.yenny-elateneo.com/productos/tecnofeudalismo1/","https://acdn-us.mitiendanube.com/stores/004/088/117/products/718329-3bddf7137f9772c8d317275691667684-480-0.webp","https://www.yenny-elateneo.com/libros/negocios-y-cs-economicas/economia/"
"libros_economia","HABLEMOS DE DINERO","722797","Vergara","46499","ARS","InStock","","https://www.yenny-elateneo.com/productos/hablemos-de-dinero/","https://acdn-us.mitiendanube.com/stores/004/088/117/products/722797-9425927b3f86e66d1117298672508232-480-0.webp","https://www.yenny-elateneo.com/libros/negocios-y-cs-economicas/economia/"
"libros_economia","ARGENTINA FEDERAL","729409","Sudamericana","41999","ARS","InStock","","https://www.yenny-elateneo.com/productos/argentina-federal/","https://acdn-us.mitiendanube.com/stores/004/088/117/products/729409-fe3a674cbe418da70117455268293683-480-0.webp","https://www.yenny-elateneo.com/libros/negocios-y-cs-economicas/economia/"
"libros_economia","TRATANDO DE ENTENDER EL FENOMENO MILEI","733048","Sudamericana","41999","ARS","InStock","","https://www.yenny-elateneo.com/productos/tratando-de-entender-el-fenomeno-milei/","https://acdn-us.mitiendanube.com/stores/004/088/117/products/733048-f0c274b94ec570557b17532884566094-480-0.webp","https://www.yenny-elateneo.com/libros/negocios-y-cs-economicas/economia/"
"libros_economia","GOLDEN BOYS","620568","Debols!llo","32999","ARS","InStock","","https://www.yenny-elateneo.com/productos/golden-boys/","https://acdn-us.mitiendanube.com/stores/004/088/117/products/620568-5a2b0d814be6e7955e17632313715066-480-0.webp","https://www.yenny-elateneo.com/libros/negocios-y-cs-economicas/economia/"
"libros_economia","HISTORIA ECONOMICA DE LA ARGENTINA","647012","Editorial El Ateneo","35000","ARS","InStock","","https://www.yenny-elateneo.com/productos/historia-economica-de-la-argentina1/","https://acdn-us.mitiendanube.com/stores/004/088/117/products/647012-7ffd41f487ee4a456e17274879667097-480-0.webp","https://www.yenny-elateneo.com/libros/negocios-y-cs-economicas/economia/"
"libros_economia","DE SMITH A KEYNES","742063","Siglo Xxi Editores Argentina","32900","ARS","InStock","","https://www.yenny-elateneo.com/productos/de-smith-a-keynes-qpbvu/","https://acdn-us.mitiendanube.com/stores/004/088/117/products/742063-d605b5ac97014a6b1817727082712598-480-0.webp","https://www.yenny-elateneo.com/libros/negocios-y-cs-economicas/economia/"
"libros_economia","COCINA DE LA POLITICA ECONOMICA ARGENTIN","717319","Sudamericana","47499","ARS","InStock","","https://www.yenny-elateneo.com/productos/cocina-de-la-politica-economica-argentin/","https://acdn-us.mitiendanube.com/stores/004/088/117/products/717319-fa2e6ca8f0095f1aff17275530498596-480-0.webp","https://www.yenny-elateneo.com/libros/negocios-y-cs-economicas/economia/"
"libros_economia","EL HOMBRE MAS RICO DE BABILONIA","733174","Booket","34900","ARS","InStock","","https://www.yenny-elateneo.com/productos/el-hombre-mas-rico-de-babilonia1/","https://acdn-us.mitiendanube.com/stores/004/088/117/products/733174-f7a761d5ba079d5a1417534576105466-480-0.webp","https://www.yenny-elateneo.com/libros/negocios-y-cs-economicas/economia/"
"libros_economia","PATEAR LA ESCALERA","738132","Ediciones Granica","48300","ARS","InStock","","https://www.yenny-elateneo.com/productos/patear-la-escalera-b3i4n/","https://acdn-us.mitiendanube.com/stores/004/088/117/products/738132-49e3d464017b14cfbf17626655242861-480-0.webp","https://www.yenny-elateneo.com/libros/negocios-y-cs-economicas/economia/"
"libros_tecnologia","INTELIGENCIA ARTIFICIAL","733705","Libsa","15814.8","ARS","InStock","","https://www.yenny-elateneo.com/productos/inteligencia-artificial2/","https://acdn-us.mitiendanube.com/stores/004/088/117/products/733705-22c7067270d579faca17559685054867-480-0.webp","https://www.yenny-elateneo.com/libros/computacion-y-sistemas/"
"libros_tecnologia","ERA DEL INDIVIDUO TIRANO LA. EL FIN DE UN MUNDO COMUN","692164","Caja Negra","39500","ARS","InStock","","https://www.yenny-elateneo.com/productos/era-del-individuo-tirano-la-el-fin-de-un-mundo-comun/","https://acdn-us.mitiendanube.com/stores/004/088/117/products/692164-49d7df0f891ddad71717285668886776-480-0.webp","https://www.yenny-elateneo.com/libros/computacion-y-sistemas/"
"libros_tecnologia","OPEN TO WORK","744041","Oceano","42700","ARS","InStock","","https://www.yenny-elateneo.com/productos/open-to-work-30c3n/","https://acdn-us.mitiendanube.com/stores/004/088/117/products/744041-64df0bb835416789bf17756576439117-480-0.webp","https://www.yenny-elateneo.com/libros/computacion-y-sistemas/"
"libros_tecnologia","EL PORTAL EN RUINAS","726321","Harperkids","35900","ARS","InStock","","https://www.yenny-elateneo.com/productos/el-portal-en-ruinas/","https://acdn-us.mitiendanube.com/stores/004/088/117/products/726321-7cb5fb19e378c366d717392341835720-480-0.webp","https://www.yenny-elateneo.com/libros/computacion-y-sistemas/"
"libros_tecnologia","EL SECRETO DE LOS SOBREVIVIENTES","748960","Tusquets","47900","ARS","InStock","","https://www.yenny-elateneo.com/productos/el-secreto-de-los-sobrevivientes-d4l69/","https://acdn-us.mitiendanube.com/stores/004/088/117/products/748960-dadf444668a51967a417843096208343-480-0.webp","https://www.yenny-elateneo.com/libros/computacion-y-sistemas/"
"libros_tecnologia","RETOS DE PROGRAMACION CON JUEGOS. PYTHON Y JAVA","733485","Anaya Multimedia","62784","ARS","InStock","","https://www.yenny-elateneo.com/productos/retos-de-programacion-con-juegos-python-y-java/","https://acdn-us.mitiendanube.com/stores/004/088/117/products/733485-4e65db8c68d0ad740617559684165831-480-0.webp","https://www.yenny-elateneo.com/libros/computacion-y-sistemas/"
"libros_tecnologia","MUNDO FILTRO","728684","Gatopardo","52900","ARS","InStock","","https://www.yenny-elateneo.com/productos/mundo-filtro/","https://acdn-us.mitiendanube.com/stores/004/088/117/products/728684-1cfcfd51494de6944517426323822435-480-0.webp","https://www.yenny-elateneo.com/libros/computacion-y-sistemas/"
"libros_tecnologia","HACKEADOS","727260","Granica","41200","ARS","InStock","","https://www.yenny-elateneo.com/productos/hackeados/","https://acdn-us.mitiendanube.com/stores/004/088/117/products/727260-b00806dcc589ffdfd617389556903662-480-0.webp","https://www.yenny-elateneo.com/libros/computacion-y-sistemas/"
"libros_tecnologia","HACKEAR LA ARGENTINA","698508","Catapulta","17900","ARS","InStock","","https://www.yenny-elateneo.com/productos/hackear-la-argentina/","https://acdn-us.mitiendanube.com/stores/004/088/117/products/698508-548fe2b0395a7c020817285256733212-480-0.webp","https://www.yenny-elateneo.com/libros/computacion-y-sistemas/"
"libros_tecnologia","DESBLOQUEA EL PODER DE LA INTELIGENCIA ARTIFICIAL","734072","Dunken","24000","ARS","InStock","","https://www.yenny-elateneo.com/productos/desbloquea-el-poder-de-la-inteligencia-artificial/","https://acdn-us.mitiendanube.com/stores/004/088/117/products/734072-e31a7ebe9b6472e15a17575286442877-480-0.webp","https://www.yenny-elateneo.com/libros/computacion-y-sistemas/"
"libros_tecnologia","LA MANO INVISIBLE DETRAS DEL ALGORITMO","733533","Prometeo","29700","ARS","InStock","","https://www.yenny-elateneo.com/productos/la-mano-invisible-detras-del-algoritmo/","https://acdn-us.mitiendanube.com/stores/004/088/117/products/733533-44daea27e2e2cc0f3617538124408845-480-0.webp","https://www.yenny-elateneo.com/libros/computacion-y-sistemas/"
"libros_tecnologia","TRAGEDIA EN COLLINS AVENUE","731996","Planeta","38900","ARS","InStock","","https://www.yenny-elateneo.com/productos/tragedia-en-collins-avenue/","https://acdn-us.mitiendanube.com/stores/004/088/117/products/731996-d877d04b26f3602d1a17510424301812-480-0.webp","https://www.yenny-elateneo.com/libros/computacion-y-sistemas/"
